Date,Open,High,Low,Settle,Volume,Interest
01-11-2019,178.25,178.75,177.75,178,13975,126929
31-10-2019,178.75,179,177.5,178,23741,130834
30-10-2019,179.5,179.75,178.75,179,22706,143451
29-10-2019,179.75,180.75,179.25,179.5,30358,139853
28-10-2019,180.25,180.25,179,179.25,22103,140170
25-10-2019,180,181,178.75,181,23303,143160
24-10-2019,181,181.25,179.75,180,21200,149710
23-10-2019,181.25,181.5,180.25,181,29012,160266
22-10-2019,181.5,182.25,181,181,36640,147458
21-10-2019,181.25,182.25,180.5,180.75,24107,150404
18-10-2019,181,181.5,179.5,181.25,22056,159430
17-10-2019,180.5,181.75,180.25,181.25,35806,147822
16-10-2019,178.75,180.25,178.5,180,27558,150028
15-10-2019,180,180.5,177.75,178.25,30077,150535
14-10-2019,180.5,181,179,180.25,29327,147372
11-10-2019,177.5,180.25,177.25,180,30689,150724
10-10-2019,178.75,179,176.75,177,30690,159203
09-10-2019,177.75,179,177.25,178.75,27793,158582
08-10-2019,176,178.25,175.75,178,27325,154546
07-10-2019,176,176.75,175.5,176.5,17304,154779
04-10-2019,176.25,176.5,175.5,176.25,14426,157899
03-10-2019,174.75,176.5,174.5,176.25,17060,172803
02-10-2019,175.25,176.25,174.25,174.5,33958,163680
01-10-2019,175.5,176,174.5,175.25,28894,163080
30-09-2019,174,175,173.5,174.75,24400,169613
27-09-2019,173,174.5,173,174,32846,171452
26-09-2019,171.25,173.25,171.25,173,27907,164011
25-09-2019,170.5,171.25,170.25,170.75,18625,164800
24-09-2019,171,171.5,170.25,170.25,24538,157993
23-09-2019,171.75,172.25,171.5,171.75,12422,158451
20-09-2019,171.75,172.25,171,171.25,13115,157077
19-09-2019,171.25,172.5,171,171.75,20516,160063
18-09-2019,171.5,186.75,170.5,171.5,19203,165484
17-09-2019,171.5,171.5,170.5,171,15701,172167
16-09-2019,170.25,172,169.5,171.75,23040,176167
13-09-2019,169,171.75,169,170.25,24328,175573
12-09-2019,169.5,170.25,167.75,169.5,27608,176869
11-09-2019,170,170.25,169,169.25,17918,183848
10-09-2019,168.25,170.25,168,170,29818,176111
09-09-2019,166.75,168.25,166,168.25,20703,174990
06-09-2019,158,159,158,158.5,1153,4024
05-09-2019,166.5,167.5,166.25,167,14969,175557
04-09-2019,166.75,167,165.75,166.25,17240,182145
03-09-2019,163.5,164.5,160.5,161,6665,13681
02-09-2019,165,165,163.25,163.75,7397,21267
30-08-2019,165,165.25,163.75,164.25,7937,24033
29-08-2019,166.25,166.25,165.5,165.75,8203,26757
28-08-2019,167,167,165.5,166,7990,33929
27-08-2019,166.25,167.5,165.5,167,9818,39708
26-08-2019,165,167,165,166.25,11868,40862
23-08-2019,165.5,166.25,165.25,165.5,9749,43526
22-08-2019,165,165.75,164.5,165.75,10010,45806
21-08-2019,165.5,165.75,164.25,165,10471,50568
20-08-2019,165.75,166.75,165,165.5,9799,56560
19-08-2019,166.75,167.5,165.75,165.75,7178,
16-08-2019,168,168.5,167.75,168,11475,82986
15-08-2019,166.75,168.25,166.5,168,10491,71515
14-08-2019,167,168,166.25,166.75,20618,79760
13-08-2019,167.25,167.75,166,166.25,22893,79793
12-08-2019,170,171,166.75,167.25,22527,81087
09-08-2019,169.75,171.5,169.75,170.5,15830,81969
08-08-2019,170,170.75,168.25,170,18200,82202
07-08-2019,171.25,171.25,169.5,170,19323,80938
06-08-2019,172.75,173,170.5,170.75,14494,84420
05-08-2019,172.5,173.25,172,172.75,15044,83642
02-08-2019,173.25,173.75,173,173.25,17720,89520
01-08-2019,175.25,175.25,173,173,18685,92193
31-07-2019,176.5,176.75,174.5,174.75,22584,93972
30-07-2019,175.5,177,175.25,177,26662,86936
29-07-2019,175.75,176.75,175,175.75,15838,86548
26-07-2019,175.25,175.75,174.75,175.25,12513,88260
25-07-2019,175,176,174.5,175.75,16222,89732
24-07-2019,174.5,176.25,174.5,175.25,16355,93135
23-07-2019,174.75,175,173.25,174.5,21152,92881
22-07-2019,175.5,175.75,174.5,174.75,14077,90033
19-07-2019,175,177.25,174.5,177,14363,93779
18-07-2019,176.5,176.5,174.5,174.75,21279,89581
17-07-2019,175.75,177.75,174.75,176.75,14595,89775
16-07-2019,176,176.5,175,175.5,14587,90515
15-07-2019,179.25,179.25,176.25,176.75,13898,91374
12-07-2019,177.5,179.25,177,178.25,19522,88747
11-07-2019,173.75,177.5,173.5,176.75,22099,87756
10-07-2019,172.75,174,172.25,173.5,17451,91383
09-07-2019,175.5,175.5,173,173,30061,85037
08-07-2019,179,179.25,176.5,176.75,10902,85791
05-07-2019,179.5,179.5,177.25,178.25,11040,84407
04-07-2019,178.75,179.75,178.5,179.5,7918,85177
03-07-2019,176.75,179,176.5,178.5,16626,82014
02-07-2019,177.75,179,176.5,177,14872,86802
01-07-2019,180,180.75,177.75,178.25,18042,87959
28-06-2019,182.25,183.75,179.75,180.25,20355,88788
27-06-2019,184.25,184.75,181.5,182.25,16787,91539
26-06-2019,182.75,184,181.25,182.75,13711,90686
25-06-2019,184.25,185.25,182,183.5,17705,90369
24-06-2019,180.5,184,180,183.75,14327,88095
21-06-2019,181,181.25,179,180.75,10463,88292
20-06-2019,178.5,180.25,177.5,180,15900,89726
19-06-2019,180.5,180.75,178.5,179,15988,94630
18-06-2019,181.75,182.25,180.5,181,20038,90863
17-06-2019,182.25,183.75,181.5,182.75,17514,88239
14-06-2019,178.75,181.25,178.5,180.75,13740,91449
13-06-2019,178.25,180.5,177,178.75,19093,90063
12-06-2019,177.25,178.75,176.5,177.25,18002,91404
11-06-2019,177,178.5,175.75,177.75,23350,86759
10-06-2019,178.25,178.25,176.75,177.25,9427,86978
07-06-2019,178.75,180,178.5,179,12316,95045
06-06-2019,178.5,180,177.75,179.5,24273,99818
05-06-2019,179.75,180.25,178.5,179,25051,102963
04-06-2019,184,185,182.25,182.5,21488,103963
03-06-2019,185,187.75,183,185.25,28326,98574
31-05-2019,185.5,186,183.25,185.25,23412,100665
30-05-2019,181.5,185.75,179.5,185.25,28546,108162
29-05-2019,187.25,190,181.5,184.25,53852,107958
28-05-2019,184.75,185.25,183,184.75,42018,103357
27-05-2019,179.5,182.5,179.25,182,26104,101324
24-05-2019,175,178.25,174.75,178,13539,102286
23-05-2019,175.25,177.25,174.75,175.5,14002,103757
22-05-2019,175,175.25,173,175,15136,108988
21-05-2019,176.75,178.25,175.25,176.25,21465,107967
20-05-2019,174.75,176.5,174.75,176,15102,110130
17-05-2019,174.25,175.25,173.25,173.75,17630,108403
16-05-2019,172.25,174,172,173.75,16361,110524
15-05-2019,171.5,172.5,171,172,22109,104203
14-05-2019,170,171.75,169.5,170.5,22522,99958
13-05-2019,168.75,169,167,168.75,20202,95308
10-05-2019,170.5,170.75,168.75,169,10688,93813
09-05-2019,184.25,188,184,185.25,2426,3362
08-05-2019,184.75,185,184,184.75,1540,3944
07-05-2019,183.25,185.25,182.5,185,3078,5799
06-05-2019,183,184.5,182.75,184,2561,8512
03-05-2019,186.25,188.25,184,185.5,11380,21910
02-05-2019,184,187.25,184,186.25,16411,28362
30-04-2019,183.25,184,183,183.25,13078,37077
29-04-2019,183.75,184.25,183,184,14047,39120
26-04-2019,182,183.75,181.75,183.5,12649,43291
25-04-2019,181.5,182.5,181.25,182,8840,50260
24-04-2019,182,183,181.25,181.5,19950,56654
23-04-2019,183,183,181.5,182.5,23020,60524
18-04-2019,184.75,185,183.25,183.5,19168,74538
17-04-2019,186,186.75,184.25,185,25667,83520
16-04-2019,189,189.25,186,186.25,33327,95041
15-04-2019,189.25,189.5,188.75,189,14200,90974
12-04-2019,189.25,189.75,188.75,189.25,14421,94131
11-04-2019,189,189.5,188.5,189.25,14223,107577
10-04-2019,189,189.25,188.25,188.5,20995,108568
09-04-2019,189.25,190,188.75,189.25,19929,107520
08-04-2019,188.75,190,188.5,189.5,12510,112315
05-04-2019,188.75,189.5,188.5,189.25,12695,120901
04-04-2019,189,190.25,189,189.5,21034,117836
03-04-2019,188,189,187.75,188.5,13880,116010
02-04-2019,187,187.75,186.5,187.25,13023,117005
01-04-2019,185.5,187.5,184.75,187,14017,118965
29-03-2019,185.75,186.25,185.25,185.75,14471,123876
28-03-2019,185.5,186.5,185,186,15337,127976
27-03-2019,188.25,188.5,186,186.5,22216,131092
26-03-2019,190,191,187.5,188,23041,126961
25-03-2019,189.25,189.75,188.25,189.5,13989,131577
22-03-2019,189.25,190.75,189,189.5,15058,133333
21-03-2019,189.25,189.75,187.5,189,12263,133166
20-03-2019,189.5,189.75,188.25,189,10634,137382
19-03-2019,189,190,188.5,189.25,14964,138776
18-03-2019,188.75,189.75,188.25,188.75,14685,148403
15-03-2019,186.5,189.5,186.25,189.25,23571,145818
14-03-2019,187,188.5,186.25,187.75,23990,147564
13-03-2019,183.75,186.5,183.25,185.5,29200,144464
12-03-2019,181.25,185,181,184.25,21046,143267
11-03-2019,183.5,183.5,181,181.25,20920,142332
08-03-2019,187.75,188.75,185.25,185.25,1066,6503
07-03-2019,191,191.5,187,187.5,2225,6740
06-03-2019,190,192,189.25,191.25,812,7759
05-03-2019,192,192,189.5,190,1870,0
04-03-2019,192.25,193,191.75,192.25,4707,16034
01-03-2019,193.5,193.5,190.5,191,7379,23230
28-02-2019,194,195,193,193.25,7474,32811
27-02-2019,193,195,191.25,194,13263,37672
26-02-2019,193.5,194.25,191.25,191.75,14268,41870
25-02-2019,195.5,196,193.25,193.75,14219,47436
22-02-2019,194.75,197.5,194.25,196,15877,62265
21-02-2019,193,196,192.75,195,27558,74475
20-02-2019,194,194.75,190,192.75,28577,72339
19-02-2019,194.75,195.75,194,194.25,13341,76526
18-02-2019,195,195.5,192.75,195.5,21293,114440
15-02-2019,198.75,199,194.75,195.25,39760,96204
14-02-2019,201.25,201.5,198,198.25,26875,100492
13-02-2019,201.5,202.25,201,201.25,21111,108934
12-02-2019,202,202.5,200.5,201.5,22105,110003
11-02-2019,203,203.25,201.5,201.75,19915,114407
08-02-2019,202.5,203.75,202,203,27774,122773
07-02-2019,203.25,203.5,201.75,202,25659,123702
06-02-2019,204.5,204.75,203.25,203.5,19447,125786
05-02-2019,204.5,204.75,203.5,204.25,17109,129597
04-02-2019,204,205,204,204.5,19086,131234
01-02-2019,204.5,204.75,203.5,204,16210,135869
31-01-2019,205.75,206,204,204.25,20563,134818
30-01-2019,205.75,206.5,205.25,205.75,10434,139967
29-01-2019,205.25,206.5,204.75,205.75,21000,138438
28-01-2019,206,206.25,204.75,205,13658,140191
25-01-2019,206.75,206.75,205,205.75,16492,145484
24-01-2019,206.5,207,205.75,206.5,21422,141840
23-01-2019,206,206.75,205.75,205.75,17522,147126
22-01-2019,205,206.25,205,205.75,27824,145898
21-01-2019,204,205.25,204,205,13785,146008
18-01-2019,204.25,204.75,203.75,204,12415,147409
17-01-2019,203,204.5,202.75,204,14595,151684
16-01-2019,203.5,203.75,202.75,203,18845,157416
15-01-2019,204,204.25,202.75,203,19460,154974
14-01-2019,204.25,204.5,203.5,203.75,11202,155427
11-01-2019,204,205.5,203.75,204.75,13178,160139
10-01-2019,204.75,205,203.5,203.5,15374,157917
09-01-2019,206.5,207,205,205.25,10082,157389
08-01-2019,205.5,206.75,205.5,206,13540,160858
07-01-2019,206.75,207,205,205.25,14806,161229
04-01-2019,206.25,207.25,205.75,207,15508,158987
03-01-2019,203.75,206.25,203.5,206,13345,157199
02-01-2019,203.25,204.25,202.75,204,5711,154290
31-12-2018,203.25,203.5,203,203.25,1394,157436
28-12-2018,203.5,204.25,203,203.5,6074,158104
27-12-2018,204.75,205,203,203.25,6828,155002
24-12-2018,204.25,205.25,204.25,205,1445,0
21-12-2018,206,206.75,204.25,204.5,22235,170414
20-12-2018,206.25,206.75,205,206,21598,176387
19-12-2018,206.5,206.75,205.25,205.25,17072,173331
18-12-2018,207.5,207.5,206.75,207.25,13728,180208
17-12-2018,207.25,208.25,207,207.5,17246,189618
14-12-2018,207.5,208.5,206.25,206.75,26018,187320
13-12-2018,207,208,206.5,207.5,34123,184306
12-12-2018,204.75,206.75,204.75,206.25,34111,173318
11-12-2018,204,205,203.75,204.5,24342,174063
10-12-2018,203.5,204.5,203,204,15116,176931
07-12-2018,199.5,202.5,199.5,202.5,1113,1885
06-12-2018,202.5,202.5,201.5,202,11986,175205
05-12-2018,202.75,203,202,202.5,11405,175365
04-12-2018,202.5,203.25,202,203,13362,177903
03-12-2018,202,203,201.25,202.25,17837,27681
30-11-2018,199.5,201.5,199,201.25,20048,43222
29-11-2018,199.5,199.75,198.5,199,18200,46236
28-11-2018,199,199.75,198.5,199.75,13601,51571
27-11-2018,199.5,199.75,198.25,198.75,10947,57242
26-11-2018,200.75,200.75,199,199.5,16259,62500
23-11-2018,201,201.5,199,199.25,12117,65718
22-11-2018,199.25,201,199.25,200.75,15815,82985
21-11-2018,199,199.25,198.25,199.25,21422,93550
20-11-2018,197.25,199,196.75,198.75,26045,103112
19-11-2018,199.5,199.5,196.25,196.75,29418,123766
16-11-2018,200.25,200.5,176.25,199.75,32641,171594
15-11-2018,201.25,201.5,199.75,200.75,34228,135501
14-11-2018,201.25,201.75,200.75,201,21302,141980
13-11-2018,201.75,202.25,201,201.75,19538,144323
12-11-2018,200.25,202.5,200.25,202,25907,156960
09-11-2018,199.5,200.25,199.5,199.5,23628,159749
08-11-2018,201.25,202,199.25,200,23197,166241
07-11-2018,201.25,201.75,200.5,201.25,20376,161654
06-11-2018,200.5,201.5,200.25,201.25,12988,161882
05-11-2018,201,201.25,199.75,200.25,13913,172677
02-11-2018,201,201.5,200,200.75,16435,180640
01-11-2018,198.5,201.25,198.5,200.75,27441,181418
31-10-2018,198.75,199,197.75,198.5,20995,187070
30-10-2018,200.25,200.75,198.5,198.75,24429,189314
29-10-2018,203.25,203.75,200,200.5,25660,183359
26-10-2018,200.25,203,199.25,202.5,15744,186759
25-10-2018,200.25,200.25,199,199.25,16958,187135
24-10-2018,200.5,201.25,200,200.5,16183,187103
23-10-2018,200.25,202,200,201,15543,188973
22-10-2018,201,201.75,200.25,200.25,14054,190135
19-10-2018,201.25,202.25,201,201.25,13788,191793
18-10-2018,202,202.5,200.75,201.25,19482,191062
17-10-2018,203.25,203.75,201.75,202,11331,194052
16-10-2018,205,205.5,203,203.25,18294,198710
15-10-2018,204.5,205,203.5,204.5,20152,195863
12-10-2018,203.5,205,203,204.75,15627,195489
11-10-2018,202.5,205,202,203.5,18143,193157
10-10-2018,203.5,203.75,202.25,202.75,8841,195734
09-10-2018,202.75,204,202.25,203.5,13213,194389
08-10-2018,203.25,203.5,202.25,203,8468,199572
05-10-2018,203.25,203.75,202.75,203.5,15909,197597
04-10-2018,201.75,203,201.25,202.75,15530,205587
03-10-2018,202.75,203.25,200.5,201.25,28374,200903
02-10-2018,202,202.25,199.75,200,17697,202803
01-10-2018,199.75,201.5,199.5,201.25,15511,206294
28-09-2018,200.75,202.25,199.25,201.5,16519,208681
27-09-2018,200.5,202.5,200,200.75,24855,206254
26-09-2018,201.75,202.75,200.5,201.25,16180,213168
25-09-2018,202.25,203.75,200.75,201,25102,218541
24-09-2018,201.75,203.5,201.5,203,22150,216288
21-09-2018,202.25,203.25,201.25,201.75,12244,220445
20-09-2018,201.75,202.75,198,202.5,25246,220984
19-09-2018,200.75,203,198,202.5,19832,222459
18-09-2018,197.75,200.5,197.75,199.25,23070,223610
17-09-2018,199,200.5,197.75,198,21023,225778
14-09-2018,196.5,199.25,195.5,197.75,24013,236832
13-09-2018,198.25,198.5,195.75,196.75,34344,239855
12-09-2018,202,204.5,198.75,199.5,40280,227862
11-09-2018,202.75,203.5,199.5,201.25,20175,230730
10-09-2018,198.75,202.5,198.25,202,19670,236529
07-09-2018,201,201,183,185,1033,1930
06-09-2018,199,200.25,198,198.25,17780,237011
05-09-2018,201.25,202.5,199.5,199.75,18304,241763
04-09-2018,202,202,198.5,200.5,28249,237679
03-09-2018,205.75,206.5,203.25,204,3632,12288
31-08-2018,201.75,205,201.5,204.75,7625,16996
30-08-2018,206.25,208.25,199.75,200.25,8985,23719
29-08-2018,197.5,204.25,197.5,202.75,10859,27392
28-08-2018,196.75,199.25,196.75,197.5,9790,28092
27-08-2018,200.25,200.25,196.75,197,9998,32197
24-08-2018,202.75,203.75,200.5,200.75,5972,34937
23-08-2018,205,205.25,201.5,204,8254,41506
22-08-2018,203,205.25,200.5,205,12515,49379
21-08-2018,208.25,208.25,204.25,204.5,15737,55752
20-08-2018,211.25,211.5,208,209,9764,61375
17-08-2018,207.75,214,207,211.5,16998,63680
16-08-2018,206,209.25,205.5,208,17950,113580
15-08-2018,204.5,205.25,202.75,204.75,12834,82125
14-08-2018,205.5,207.25,203.25,205.5,14385,83056
13-08-2018,208,208.75,204.5,204.75,18054,87891
10-08-2018,210.5,214.5,208.25,210.75,14033,93221
09-08-2018,214,214,210.5,211,17515,96004
08-08-2018,217.75,218.5,214,214.5,14516,100158
07-08-2018,217,219.5,214.5,216.25,20044,96421
06-08-2018,212,215.25,210.25,214.75,10193,100075
03-08-2018,214,214.25,210,211,15704,103065
02-08-2018,208.5,219.5,208.5,212.75,26299,98381
01-08-2018,202.75,207.5,202.75,207.25,14611,102918
31-07-2018,201.5,205.75,201.5,202.25,19283,101744
30-07-2018,200.75,203.25,200,202.5,16286,105800
27-07-2018,199.75,200.75,197.25,198.25,16801,113989
26-07-2018,203.5,204.75,198.5,198.75,33141,104605
25-07-2018,198,201,197,200.5,26926,100930
24-07-2018,192.25,196.25,190.75,195.5,24260,94260
23-07-2018,191.5,193.25,191.5,193,14611,96202
20-07-2018,188.5,191.75,188.5,191.25,20689,93974
19-07-2018,185.5,188.25,185,188,15874,92879
18-07-2018,187.5,187.75,185.75,186,11932,94392
17-07-2018,184.5,187.25,184.25,187,16904,94164
16-07-2018,183.5,184,182,184,17517,96825
13-07-2018,183.25,184.5,181.5,183.5,20829,100436
12-07-2018,179.5,183,179,181.5,20849,101587
11-07-2018,179.75,181,178.5,178.75,21822,97244
10-07-2018,183.25,183.25,180.5,180.75,15907,98194
09-07-2018,184.75,185.75,183.75,184.25,12149,99432
06-07-2018,186,186.5,184.5,185.25,17040,97879
05-07-2018,184.5,187,184.5,186.75,25464,87752
04-07-2018,182.5,184,182.5,183.5,7350,92868
03-07-2018,181.5,183,180,182.5,14806,95251
02-07-2018,179,182.75,179,180.25,22130,94451
29-06-2018,174.75,179.5,174,178.5,24753,94022
28-06-2018,174.25,175.75,173.75,174,11539,94474
27-06-2018,173.5,175.25,173.25,174.75,10375,94199
26-06-2018,174.25,174.75,173,173,8866,93602
25-06-2018,174.5,174.75,173.25,174,8027,94154
22-06-2018,175.75,177,175.75,176.25,9020,95728
21-06-2018,174,177.25,174,176.25,15267,97180
20-06-2018,173,175.25,172.75,173.75,16968,109159
19-06-2018,173,173.25,170.5,171.75,37104,109298
18-06-2018,177,177.5,174.25,174.5,24054,118022
15-06-2018,179.25,180,177,177.5,28166,115436
14-06-2018,179,181.5,178.25,180.25,27060,119401
13-06-2018,183.25,183.5,180,180.25,23417,118836
12-06-2018,181.25,183.75,180.25,183.5,20659,113981
11-06-2018,182.25,183.25,180.75,181,9237,113577
08-06-2018,181,184,180.5,182.25,15178,111596
07-06-2018,184.5,185.25,182.25,182.5,13792,110975
06-06-2018,182.25,185,182,183,15447,110025
05-06-2018,180.25,183,180.25,182.5,13968,110979
04-06-2018,180.25,181,179,179.25,15748,112997
01-06-2018,182,183.25,181.25,181.5,12621,111184
31-05-2018,179.5,184,179.5,182.75,18939,110447
30-05-2018,183.25,183.25,180,180.25,21243,110931
29-05-2018,186.25,187.25,184.25,185.75,22205,106345
28-05-2018,182.5,184,181.75,183.75,7065,109405
25-05-2018,181,183,180.5,182.5,16460,111198
24-05-2018,180.25,182.75,180,180.5,32625,104391
23-05-2018,178.5,179.75,177.75,179.25,18849,104461
22-05-2018,176.75,179.75,176.5,179,34587,94980
21-05-2018,177.5,178,175.5,176.25,12118,97037
18-05-2018,175.25,177,174.5,176.75,19940,92180
17-05-2018,172.75,174.5,172.5,174.25,16386,87504
16-05-2018,171.25,172,170.75,171.5,10006,88799
15-05-2018,171,171.25,170,170.25,11449,87335
14-05-2018,171.25,171.25,170,170.5,12077,85669
11-05-2018,172.5,172.5,171.5,171.75,11377,87785
10-05-2018,173.5,174,172.25,172.5,10747,91491
09-05-2018,168.75,171,168,170.5,1607,1957
08-05-2018,169,169,167.75,168,1318,3537
07-05-2018,168.75,169,167.5,168.5,2036,5104
04-05-2018,172,172.25,168.75,169.5,5447,8791
03-05-2018,170.5,172.25,169.5,171.75,18681,24238
02-05-2018,169.5,171.25,169.5,171,14507,38247
30-04-2018,167.25,168.75,167.25,168.25,20563,47699
27-04-2018,166.25,167.25,166,166.25,22317,61597
26-04-2018,165,166.25,164.75,166,25779,65451
25-04-2018,164.25,165.5,164,165.25,25846,72847
24-04-2018,163,163.75,162.5,163.5,23772,79403
23-04-2018,163.25,163.5,162.75,163,28140,78244
20-04-2018,163.75,164,163,163,16708,80321
19-04-2018,165,165.25,163.75,164,13123,86513
18-04-2018,165.25,165.75,164.25,164.5,14596,95400
17-04-2018,164,165,164,164.5,22880,124522
16-04-2018,164.5,164.5,163.25,163.75,29470,105669
13-04-2018,165.25,165.5,164.5,164.75,17998,112482
12-04-2018,165.5,166,165.25,165.5,21407,117128
11-04-2018,167.5,167.75,166,166.5,23684,117791
10-04-2018,167.5,168.25,167,167.5,21791,120212
09-04-2018,167.75,168.5,167.25,168,24440,120915
06-04-2018,166.25,167.5,166,167,20686,125719
05-04-2018,166.5,167.5,166.5,166.75,26361,130926
04-04-2018,164.5,166.75,163.5,166.25,29074,133319
03-04-2018,163.75,166.75,163.5,166.25,31099,127836
29-03-2018,162.75,164,162.5,163.75,16229,127651
28-03-2018,163,163.5,162.75,163,10377,129106
27-03-2018,163,163.75,163,163.5,13344,130092
26-03-2018,163,163.75,162.5,163.5,17143,130138
23-03-2018,162.75,163.5,162.5,163,16224,134836
22-03-2018,163,164,162.75,163.5,18839,132982
21-03-2018,162.75,163.25,162,162.75,11925,134873
20-03-2018,162.5,162.75,162,162.5,25183,145613
19-03-2018,163.5,163.75,162.25,162.25,33122,
16-03-2018,165.5,165.5,164.25,164.75,16679,145204
15-03-2018,165.5,166,164,165.5,23229,143037
14-03-2018,163.5,165,163.5,165,11018,146964
13-03-2018,163.5,165.5,163.5,164,18646,143743
12-03-2018,163,163.5,162.5,163.25,12616,141891
09-03-2018,162.5,164,158.75,160,909,1180
08-03-2018,161.25,163,161,163,1709,3094
07-03-2018,162,162.5,160.75,161,2220,4369
06-03-2018,164,164,162.25,163,2693,8140
05-03-2018,162.5,165.25,162.5,164.25,12525,19077
02-03-2018,167,167,163,163.5,10214,26516
01-03-2018,166.5,167.5,165,167.25,10123,33249
28-02-2018,165,167,164.75,166.75,14323,36841
27-02-2018,164.25,164.5,164,164.25,9420,42998
26-02-2018,163.25,164.5,163.25,164,13417,50952
23-02-2018,162,163.5,162,163.25,16220,59930
22-02-2018,161,162,161,161.75,22188,60556
21-02-2018,160,161.5,159.5,161.25,18859,70865
20-02-2018,160.75,161.75,160.25,160.5,20824,74803
19-02-2018,159.75,161,159.75,160.75,19142,84042
16-02-2018,160,166.25,158.5,159.5,15844,108395
15-02-2018,159.25,160.75,158.5,160.25,22203,91501
14-02-2018,159.75,160.75,159.25,159.5,15779,100888
13-02-2018,160.5,161,160.25,160.75,15503,103222
12-02-2018,160,160.5,159.75,160.25,19772,107503
09-02-2018,159,159.5,158.5,159,16573,121677
08-02-2018,160.25,160.5,159.5,159.75,29086,136130
07-02-2018,159,160.75,159,160.25,30989,132448
06-02-2018,157.75,158.75,155.25,158.5,14677,131837
05-02-2018,156.25,157.25,156,156.75,9684,132906
02-02-2018,156.25,157.5,156,157.25,15158,134870
01-02-2018,157.5,157.75,156,156.25,20482,138280
31-01-2018,160,160.25,158,158.25,27707,146465
30-01-2018,159.75,161,159.5,160.75,25895,151836
29-01-2018,158.5,160,158.5,158.75,25085,152366
26-01-2018,156.5,157.5,156.5,157.25,16498,152152
25-01-2018,156.25,156.75,155.5,156.5,15436,154011
24-01-2018,155.25,156.5,155.25,156.5,14295,156151
23-01-2018,155.25,156.25,155,155.5,15522,157071
22-01-2018,155.75,156,155.25,155.75,10226,158318
19-01-2018,155.75,155.75,154.75,155.25,8421,161843
18-01-2018,156,156.25,155.5,155.75,19607,171693
17-01-2018,154.5,156,154,156,34544,173716
16-01-2018,155.75,155.75,154.5,154.5,24710,168627
15-01-2018,156.5,156.5,155.75,156,17054,168523
12-01-2018,159,159.25,157,157.25,26539,164892
11-01-2018,160.75,161.5,158.75,159,21190,161221
10-01-2018,161.25,161.75,160.75,161,13974,166270
09-01-2018,160.75,161.5,160.75,161.5,12154,167716
08-01-2018,160,161.5,159.75,161,13991,167467
05-01-2018,160.25,161,160,161,9753,169624
04-01-2018,159.75,160.75,159.75,160.5,18280,168378
03-01-2018,158.5,160.5,158.5,160,14410,166616
02-01-2018,158.75,159.25,158.25,158.5,9821,165804
29-12-2017,159.25,159.5,158.75,159,7161,165490
28-12-2017,159.5,159.5,159,159.25,5286,165853
27-12-2017,160.25,160.25,159.25,159.5,9633,167251
22-12-2017,160.25,161.25,160.25,160.5,8543,166660
21-12-2017,160.75,160.75,160,160.25,14592,165000
20-12-2017,161,161.25,160.5,160.75,12576,165274
19-12-2017,161.25,161.75,161,161.5,12422,173200
18-12-2017,160.75,161.5,160.25,161.25,17424,166798
15-12-2017,160,160.5,160,160.5,7068,168088
14-12-2017,160.75,160.75,159.75,160,10114,169768
13-12-2017,161,161,160.25,160.5,17078,171080
12-12-2017,161,161.5,160.25,161,15888,177649
11-12-2017,160.5,161,160,160.75,20046,173928
08-12-2017,156,158.25,155.5,156,2813,4493
07-12-2017,160.75,161,160.25,160.75,10029,175615
06-12-2017,161.25,161.75,160.75,161.25,13262,180011
05-12-2017,161.75,162.75,161,161.5,15399,178723
04-12-2017,159.75,162,159.75,161.75,17594,27891
01-12-2017,158.75,159.75,158,159.5,7717,35479
30-11-2017,158.5,159.75,158,159.5,15128,46053
29-11-2017,156.75,159,156.75,159,19694,51558
28-11-2017,157.25,157.25,156.5,156.75,21004,62645
27-11-2017,157.5,157.5,156.75,157,18833,72760
24-11-2017,158.25,158.5,157.5,157.75,16550,81565
23-11-2017,158.5,158.75,158,158.25,15725,84508
22-11-2017,158.25,159,158.25,158.75,16312,102898
21-11-2017,157.5,158.5,157.25,158.25,31890,100980
20-11-2017,158.25,158.75,157.75,157.75,19092,103555
17-11-2017,158.75,159,158.25,158.75,18581,105457
16-11-2017,159.5,159.75,158.75,158.75,21753,165026
15-11-2017,159.5,159.75,158.75,159.25,33181,132773
14-11-2017,159.5,160,159.25,159.75,27218,139038
13-11-2017,160.25,160.25,159.5,159.5,16287,139703
10-11-2017,160.5,161,160,160.5,18788,142840
09-11-2017,161.5,161.75,160.25,160.25,24905,139398
08-11-2017,161.75,162,160.5,160.5,18655,138646
07-11-2017,162.75,163,161.75,161.75,14334,141304
06-11-2017,162.75,163,162,162.75,12478,145778
03-11-2017,163,163.25,161.25,162,17678,151613
02-11-2017,160.25,163,160,163,25683,152533
01-11-2017,161.75,162,159.25,159.5,22039,150200
31-10-2017,163.25,163.5,161.25,162,19246,152090
30-10-2017,163,163.5,162.5,163.5,12798,153989
27-10-2017,162.75,163.25,162.5,163,18929,155600
26-10-2017,161.5,162.5,161.25,162.5,14611,158375
25-10-2017,161.5,162.75,161.5,161.75,14864,160454
24-10-2017,162,162,161.25,161.25,8266,163109
23-10-2017,161.25,162,160.5,161.75,11565,159183
20-10-2017,161.5,162,161,161.25,10612,162098
19-10-2017,161.5,162.25,161,161.5,16562,163148
18-10-2017,162.25,162.25,161.25,161.5,13702,161579
17-10-2017,162.25,163,162.25,162.5,9511,163315
16-10-2017,162.75,175.25,162,162.25,13397,161804
13-10-2017,161.5,162.5,160.5,162,13100,162728
12-10-2017,161.75,162,160.5,161.75,15016,164967
11-10-2017,162.5,162.75,161,161.75,20256,165204
10-10-2017,163.5,163.75,162.75,163,12863,164412
09-10-2017,164.75,165,163.75,164,12976,165767
06-10-2017,166.5,166.75,165,165.25,16597,166026
05-10-2017,166,175,165.5,166,17103,167533
04-10-2017,166.75,167,165.75,166,13191,171137
03-10-2017,165.5,167.5,165.25,167,15778,173338
02-10-2017,166,166.25,164.75,165.5,15707,173925
29-09-2017,166,167,165.75,166,20121,177674
28-09-2017,167,188.75,166.25,166.5,19333,178360
27-09-2017,166.5,167.25,165.5,167,18793,186400
26-09-2017,168,168,165.75,166.5,25676,183928
25-09-2017,164.25,166.25,163.75,166,19833,184494
22-09-2017,164.75,165.25,164.25,164.75,15795,186368
21-09-2017,163.5,164.75,163.25,164.75,16780,187047
20-09-2017,162.25,163.25,162,163,14543,187571
19-09-2017,161.75,163,161.25,162,14683,190027
18-09-2017,163.25,163.25,161.25,161.5,12920,190724
15-09-2017,162.5,163.5,162,163.25,14964,192564
14-09-2017,161.75,163.5,161.75,163.25,18899,192929
13-09-2017,161.25,162.5,160.75,161.25,17729,195013
12-09-2017,158.75,161,158.75,159.5,25323,194046
11-09-2017,159,168.25,158.75,159,16661,194015
08-09-2017,152.5,153.5,150,150,1409,2360
07-09-2017,161.75,162.25,160,160.25,17018,196246
06-09-2017,161.75,162.25,161.25,161.75,13284,197650
05-09-2017,161,162.75,161,162.5,15802,196807
04-09-2017,153.5,156.25,152.75,156,5745,16347
01-09-2017,156.25,157,154,154,4609,18763
31-08-2017,155.25,156,154.75,155.75,5331,20346
30-08-2017,152.75,154.75,152.75,154.5,3285,21804
29-08-2017,151.5,152.25,150.75,152,2894,22881
28-08-2017,153.75,153.75,152,152.5,2227,23880
25-08-2017,154.75,156.25,154.5,155.25,4039,26361
24-08-2017,153.5,154.25,153.5,154,4543,28349
23-08-2017,151.75,154,151.25,153.5,6554,31623
22-08-2017,152.25,153.5,151.25,151.5,7947,33518
21-08-2017,155.25,155.5,152,152.25,12515,38694
18-08-2017,156.25,156.5,154.75,155.75,5484,44297
17-08-2017,158.5,159,155,156.5,12407,43248
16-08-2017,160,160.25,158.25,158.75,12281,59499
15-08-2017,159,160.25,158.25,159.5,10729,42841
14-08-2017,160,160,158,159,8559,45347
11-08-2017,161,161,160,160.5,12210,47167
10-08-2017,161.75,164.75,161.25,161.5,11797,47130
09-08-2017,161.75,161.75,161,161.5,4134,49375
08-08-2017,162.75,163,161.5,161.75,6791,49995
07-08-2017,163.5,163.5,162,162,10538,50595
04-08-2017,163.25,164.25,163,163.25,8182,53196
03-08-2017,164.25,164.5,163.25,163.5,8982,55963
02-08-2017,166,166.25,164.75,165,14258,61762
01-08-2017,167.5,167.75,165.75,166,19117,57349
31-07-2017,169.25,169.25,168,168.25,9112,58638
28-07-2017,169,170.5,168.75,170.25,10320,58251
27-07-2017,168.5,169.5,168.25,168.75,8919,69678
26-07-2017,168,169.5,168,168,14553,71808
25-07-2017,169.25,170.25,168,168.25,17992,75451
24-07-2017,169.5,169.5,168.5,169,13810,80447
21-07-2017,170,171,170,170.5,12094,80771
20-07-2017,170.5,171.25,170,170.25,15895,83608
19-07-2017,172.5,172.5,171,171.25,12411,85344
18-07-2017,173.75,174.75,172,172.25,22184,85321
17-07-2017,173,174.25,172.25,172.5,11396,86294
14-07-2017,176.5,177,173.25,174,8924,91302
13-07-2017,177.25,177.25,174.5,175.25,16580,92975
12-07-2017,181.5,181.5,179,179.5,9471,92917
11-07-2017,181,182,180,181.75,8290,95471
10-07-2017,181.75,183,180.75,181.25,15530,95695
07-07-2017,176.75,179.25,176.25,179,9838,97751
06-07-2017,178.75,179,176.5,177.75,16615,95509
05-07-2017,180.25,183.25,179.25,180.5,18955,92311
04-07-2017,179.75,180.25,178.75,179.75,7858,95022
03-07-2017,180,182,178.75,179.75,20423,98057
30-06-2017,175.25,178,174.75,176.5,21164,91758
29-06-2017,170.25,173.75,170,173.25,22087,89701
28-06-2017,170,170.5,169,169.75,16384,95007
27-06-2017,171.75,171.75,170.5,170.75,9081,96129
26-06-2017,173.25,173.25,171,171.25,13541,95986
23-06-2017,174.75,175.25,173.5,173.75,10509,97809
22-06-2017,174.75,175,173.75,174,12583,99568
21-06-2017,176.5,176.5,174.75,175.5,15389,100704
20-06-2017,178.5,180,175.75,177,30558,101165
19-06-2017,174.25,177.75,174.25,177.5,31660,94935
16-06-2017,171.25,173.75,171.25,173.5,27782,89082
15-06-2017,169.75,170.5,169,170.5,11948,88497
14-06-2017,170.5,171.75,169.25,169.75,12351,90508
13-06-2017,169,170,168.75,169.75,10428,90115
08-06-2017,169,170.5,169,170.25,17067,100336
31-05-2017,167.25,167.75,166.75,166.75,5431,95588
29-05-2017,167.75,168.5,167.75,168.25,1986,95143
26-05-2017,166.75,168.25,165.75,167.5,5864,94995
25-05-2017,167,167.75,166.75,166.75,2356,96364
24-05-2017,166.5,167.25,166.5,167,9126,98039
23-05-2017,166.5,167,166,166.75,6211,98731
19-05-2017,166,166.5,165.5,165.75,4086,96637
18-05-2017,165.75,166.25,165.5,165.75,7455,95877
17-05-2017,166.5,167.25,165.75,166.75,14652,93997
16-05-2017,167.25,167.25,166,166.25,16512,92807
15-05-2017,168.75,169,167.5,167.5,11306,94713
12-05-2017,169.75,170.5,169.25,169.5,11787,92774
11-05-2017,170.25,170.75,169.5,170,9631,90014
10-05-2017,169.25,170,169,169.75,8197,90128
09-05-2017,167.75,167.75,163,164,2549,5994
08-05-2017,168.5,168.5,167.5,167.75,806,7377
05-05-2017,167,169.5,167,169.25,2399,10359
04-05-2017,171,171,167,167.25,4180,17899
03-05-2017,168.25,171.75,168,171.25,13103,40624
02-05-2017,170.5,171.5,169,169.5,20320,46809
28-04-2017,167.75,168.75,167.5,168.25,23263,55150
27-04-2017,167,168.25,166.75,167.75,23827,66081
26-04-2017,164.5,167.25,164.5,167.25,33599,76558
25-04-2017,162.75,164.75,162.5,164.5,28174,92050
24-04-2017,162.75,164.75,162.25,162.75,33934,97794
21-04-2017,163,163.5,162.5,162.5,21733,107248
20-04-2017,164.25,164.25,163.25,163.25,27129,109680
19-04-2017,164.75,165.5,164.25,164.5,18867,127775
18-04-2017,164.5,165.25,163.75,164.5,19723,116641
13-04-2017,164.25,166,164,165.75,24395,126307
12-04-2017,163.5,165.25,162.75,164.75,24141,127354
11-04-2017,162.75,164,162.25,162.25,27671,130412
10-04-2017,163.25,163.25,162.25,162.5,23106,130674
07-04-2017,163.75,164,163,163.25,19820,132410
06-04-2017,164,164.5,163.5,163.75,12873,132932
05-04-2017,164.25,165,163.75,164,13176,134231
04-04-2017,164.5,164.5,163.75,164,18265,136770
03-04-2017,165.25,166,164.75,165,19746,146575
31-03-2017,164,165.25,162.75,164.5,41719,145883
30-03-2017,166.25,166.25,163.5,163.75,28463,138091
29-03-2017,166.75,167.25,166,166.25,14731,139544
28-03-2017,166,167.5,165.75,166.75,20428,143070
27-03-2017,166.5,166.75,165.25,165.75,23514,143308
24-03-2017,167.25,167.75,166.5,167,21024,149872
23-03-2017,168.75,169.25,167,167.25,31029,153868
22-03-2017,170.5,170.75,168.25,168.5,24721,155395
21-03-2017,171,171.25,169.25,170.75,30872,152839
20-03-2017,172.5,172.5,171,171.25,14199,153293
17-03-2017,172.25,172.25,171.5,172,10746,152827
16-03-2017,172.75,173.25,171.75,172.5,18117,159762
15-03-2017,171.75,172.75,171.5,172.5,18500,164703
14-03-2017,171.75,172.5,170.5,170.75,30344,175504
13-03-2017,173,173.25,171.5,171.75,32576,174987
10-03-2017,174.25,174.25,173.5,173.75,19970,174384
09-03-2017,170.5,172.75,170,172,1240,2611
08-03-2017,169,170.5,168,170,1478,4602
07-03-2017,171.75,171.75,168.75,169,2362,6620
06-03-2017,174.5,174.5,170.25,170.5,4229,10462
03-03-2017,174,175,173.5,174,7411,16657
02-03-2017,174.75,175.5,174.25,175,6876,22930
01-03-2017,173,174.75,173,174.25,9425,27772
28-02-2017,170.75,173.25,170.75,172.25,8916,31703
27-02-2017,172.25,172.25,170,170.25,13776,37938
24-02-2017,172,172.5,171.75,172.25,7403,45683
23-02-2017,172.25,173,172,172,13560,48142
22-02-2017,171.25,173,171.25,172.25,14977,56044
21-02-2017,171,171.75,171,171,16088,62817
20-02-2017,171.25,171.5,170.5,171,10098,64313
17-02-2017,170.75,171.75,170.5,171.5,10614,71910
16-02-2017,173.25,173.75,171.75,172.5,21046,89391
15-02-2017,173.25,173.75,172.75,173.5,16313,79013
14-02-2017,172.25,173.25,171.5,173,13540,83416
13-02-2017,171.5,173,170.5,173,18825,85835
10-02-2017,172.25,172.75,171.5,171.75,19876,88119
09-02-2017,171,172,170.25,171.75,24366,90196
08-02-2017,169.75,171.5,169.75,171,20119,95624
07-02-2017,169.25,170,169.25,169.75,14268,94183
06-02-2017,169.5,170.25,168.5,169,10534,94698
03-02-2017,169.5,169.75,168.25,169.25,11018,101171
02-02-2017,168.5,170.25,168,170,26429,103197
01-02-2017,165.75,169.75,165.25,169,34674,101769
31-01-2017,167,167.25,165.5,165.5,26712,102752
30-01-2017,169.25,169.25,166.5,167,33815,104131
27-01-2017,170.25,170.75,169.5,169.5,10057,105445
26-01-2017,169.75,170.5,169.5,170,13620,106273
25-01-2017,169.5,170.25,169.25,169.5,11547,109500
24-01-2017,170.25,170.5,169.75,170,17031,113721
23-01-2017,170,170,169.25,170,19098,117802
20-01-2017,169,170,169,169.75,10647,117853
19-01-2017,169.75,169.75,168.75,169.5,10129,120338
18-01-2017,170.25,171,169.5,169.75,11686,122360
17-01-2017,169.75,171,169.5,170.75,21347,116724
16-01-2017,169.75,170.25,169.25,169.5,9790,116037
13-01-2017,170,170.5,169.25,169.75,13010,116242
12-01-2017,168.75,170.25,168.5,169.75,17255,114616
11-01-2017,169.5,170.25,168.75,169,10365,115490
10-01-2017,171,171,168.75,169.75,19858,118784
09-01-2017,171.5,172,170.75,171,18713,119188
06-01-2017,170,171.75,169.5,171.25,23374,117462
05-01-2017,169.5,170.25,169.25,170,21486,118951
04-01-2017,169,170,168.25,169.75,17635,123651
03-01-2017,168.5,169.5,167.75,169.25,19643,118743
02-01-2017,167.75,168.25,167,168,1765,121228
30-12-2016,168,168.5,167.5,168,5074,121083
29-12-2016,166.5,168.5,166.25,168,5625,120661
28-12-2016,167,167.25,165.75,166.5,6380,120432
27-12-2016,166.5,168,165.5,167.25,8221,120932
23-12-2016,167,167,165.5,165.75,8448,119206
22-12-2016,167.75,167.75,166.25,167.25,12488,120268
21-12-2016,167.5,168,167.25,168,8070,124283
20-12-2016,168,168.5,167,168,13616,122363
19-12-2016,168.25,169,167,167.75,13015,124999
16-12-2016,167,168.25,165.75,167.75,16897,126671
15-12-2016,165.75,168,165.75,167.5,26268,126797
14-12-2016,165.25,166.5,164.75,165.75,15432,130461
13-12-2016,164.5,166,164,165.75,17394,129286
12-12-2016,166,166,164,164.75,11116,131110
09-12-2016,162.75,165,159.5,161.75,2455,5671
08-12-2016,164.25,165.75,164.25,164.5,22572,131528
07-12-2016,162.25,164,162,163.5,25765,132753
06-12-2016,162.5,163.5,162.25,163,23767,134033
05-12-2016,160,160.75,156.25,156.5,10992,24342
02-12-2016,160.75,161,159.5,160,9059,27240
01-12-2016,161.5,161.5,160,160.25,7429,32302
30-11-2016,161.25,162.5,161,162,12984,40294
29-11-2016,165,165.25,160.5,161,19598,47775
28-11-2016,167.5,167.75,165.25,165.25,17806,54302
25-11-2016,168.5,169,168,168.25,7908,61970
24-11-2016,168.75,169.5,168,168.25,7632,66509
23-11-2016,168.5,169,167.75,168.75,13144,69810
22-11-2016,168.25,170,168.25,169.25,19227,76219
21-11-2016,167.75,169,166.75,168.25,18423,86137
18-11-2016,165,167.75,164.75,167.5,31567,88297
17-11-2016,164,165,163.75,164.75,19149,91696
16-11-2016,163,164.25,162.75,164,22883,120513
15-11-2016,161.75,163.5,161.5,163,26155,106986
14-11-2016,162.25,162.5,161.5,162,15259,106547
11-11-2016,161.25,162.25,161,161.5,8096,108557
10-11-2016,162.25,162.25,161,161.5,16556,111267
09-11-2016,160,162.25,160,160.75,17621,113982
08-11-2016,160.5,163,160.25,161.75,27637,113798
07-11-2016,162,162.25,160,160.25,25650,114197
04-11-2016,162,162.75,161.75,161.75,10060,117975
03-11-2016,162.5,163,161.75,162.25,14125,119210
02-11-2016,163,164,162.5,162.75,15464,119136
01-11-2016,165.75,166.5,162.5,163,16997,118571
31-10-2016,164.25,166.25,163.75,165.75,13880,117984
28-10-2016,164.5,165,164.25,164.5,11186,118767
27-10-2016,164,164.75,163.75,164.25,12975,121846
26-10-2016,163.25,164,163,163.5,9386,119610
25-10-2016,161.5,163.25,161,162.75,15387,120910
24-10-2016,163.25,163.75,161.5,162,13669,120647
21-10-2016,162.75,163.75,162.5,163,11295,119552
20-10-2016,163.25,163.75,162.5,162.5,9186,120537
18-10-2016,164,164.5,163.5,163.75,15217,119382
17-10-2016,163.75,164.5,163.25,164.25,18256,127742
14-10-2016,162,164,162,163.75,32667,131534
13-10-2016,158.75,161.5,158.75,161.25,27078,135423
12-10-2016,158.25,160.25,158.25,159.5,23472,137561
11-10-2016,158,158.5,157.5,158,13357,138692
10-10-2016,157.5,158.5,157.25,157.75,15318,142913
07-10-2016,158.75,158.75,157,157,17702,143638
06-10-2016,161,161.5,157.75,158.25,16121,141258
05-10-2016,160.25,161,158.75,160.5,21253,137507
04-10-2016,159.75,161,159.75,160.25,13789,139419
03-10-2016,160.5,161.75,159.75,160,16081,141196
30-09-2016,161.5,161.75,159.5,160.5,20849,139043
29-09-2016,161.5,162,161,161.75,14270,139440
28-09-2016,161.5,162,161,161,9162,142196
27-09-2016,160.25,162,160,161.5,16282,141830
26-09-2016,161.25,161.75,159.75,160,12676,141395
23-09-2016,161,162.25,160.75,161.25,10103,143021
22-09-2016,161.75,162.25,161.25,162,11141,146216
21-09-2016,161.25,161.75,159.5,161.5,18371,147789
20-09-2016,161.5,162.5,160.75,162,16070,149363
19-09-2016,160,161.75,159.75,160.75,19419,149401
16-09-2016,158.5,159.5,158,159,10288,151594
15-09-2016,159.5,161.5,158.5,158.75,17337,151677
14-09-2016,158.5,159.75,158,159.25,16183,149446
13-09-2016,157.75,159.5,157.25,158.75,14908,149169
12-09-2016,158,159.25,157.5,158.25,14778,155748
09-09-2016,144.5,145.5,139.5,143.75,1359,2130
08-09-2016,159.25,160,158.5,159.75,13573,149528
07-09-2016,159.75,160.75,159,159.25,16776,146887
06-09-2016,160.75,161,159.25,159.5,14725,145426
05-09-2016,158.25,158.25,154.5,154.5,3564,12206
02-09-2016,157.75,158.5,157.5,158,5025,14762
01-09-2016,155.25,157.75,155.25,157.5,6522,18142
31-08-2016,155.5,156,154.25,154.75,3341,21662
30-08-2016,154.25,156.25,153.5,155.75,5417,24024
29-08-2016,157.5,157.5,153.75,154,6309,26502
26-08-2016,159.75,160,158.25,158.5,6048,28750
25-08-2016,158.75,160.25,158.25,160,9081,32011
24-08-2016,155.25,159,155,158.5,8947,37601
23-08-2016,157.75,157.75,155.5,156,13084,40954
22-08-2016,162.25,162.5,157.75,159,12842,43099
19-08-2016,163.75,163.75,162.25,162.75,7386,42456
18-08-2016,163.75,164.25,163,163.5,5292,42893
17-08-2016,163.25,164.25,163,163.25,3781,43553
16-08-2016,162.75,163.5,162.25,163.25,11326,55593
15-08-2016,166,166.5,162,162.5,10582,47483
12-08-2016,167,167.5,164.5,164.5,9228,49370
11-08-2016,166,168,165.25,167.75,8980,49026
10-08-2016,165,167,164.5,166.75,8954,50068
09-08-2016,165.75,165.75,164,165,8625,51533
08-08-2016,167.75,168,165.25,165.5,7353,52702
05-08-2016,166.5,167,165,166.5,10132,54770
04-08-2016,168.5,168.75,166,166.25,9281,56133
03-08-2016,168.75,169.25,167.5,168.25,8276,56294
02-08-2016,166,169.5,166,168.5,11859,57492
01-08-2016,166,168.5,165,167,8561,57293
29-07-2016,164.5,166.5,164.25,166,8747,59563
28-07-2016,164.25,167,164,165.75,12427,62765
27-07-2016,165.5,168,163,163.75,12637,67699
26-07-2016,170,170.5,165.5,166.25,22600,66229
25-07-2016,176,177.25,170,170.5,26298,71037
22-07-2016,168,175,166,174,30647,71061
21-07-2016,161.5,167.75,161,167,23327,71405
20-07-2016,161,162.5,160.25,160.5,14210,71990
19-07-2016,160.5,162,159.5,160.25,12769,73006
18-07-2016,160.25,162,159,161,10031,72972
15-07-2016,159.25,160.25,154.25,159.5,14371,74391
14-07-2016,163,163.5,157.5,158.5,8916,75066
13-07-2016,162.25,164.25,161.75,161.75,18923,76120
12-07-2016,161.5,161.5,158.25,161,18480,79521
11-07-2016,160,162.25,159.75,161,19024,81109
08-07-2016,156.75,159.5,154.75,159,16323,78989
07-07-2016,154.5,157.5,154.5,155.75,16290,82212
06-07-2016,155,155.5,153,153.75,11734,84650
05-07-2016,153.75,155.25,152,154.25,17232,84668
04-07-2016,152,154,151,154,4539,86521
01-07-2016,155,155,150.75,152.25,22845,87509
30-06-2016,157,157.25,155.25,155.75,17491,90557
29-06-2016,159.5,159.5,156.5,156.75,15533,89168
28-06-2016,161.5,161.75,159.25,159.75,10579,88780
27-06-2016,161,162,160,161,8283,87460
24-06-2016,158.5,160.5,158,160.25,10288,89041
23-06-2016,161.25,161.25,158.5,159,14477,87214
22-06-2016,162.5,162.5,161,161.5,10455,85347
21-06-2016,163.75,164.5,162,162.5,7859,87103
20-06-2016,163,164.5,162,164.25,8214,88852
17-06-2016,163.75,164,162.25,163,10352,87965
16-06-2016,163.75,164.25,161.75,162.5,16174,87042
15-06-2016,166.25,167,163.75,164.25,14218,86092
14-06-2016,168.25,169,165,165.5,14934,87039
13-06-2016,170,171,168.75,169.25,12963,87646
10-06-2016,170.5,172,168,168.5,11965,85876
09-06-2016,170.5,171.5,169.75,171,10212,86462
08-06-2016,169.5,173.5,169,171.75,17101,86021
07-06-2016,170.5,171,168.75,169.25,15415,85272
06-06-2016,171,174,170.75,171.25,19249,81806
03-06-2016,168,170.5,167.25,169.25,17402,78855
02-06-2016,165.25,168,165.25,167.75,9650,80233
01-06-2016,165,165.75,164.25,164.75,7242,80122
31-05-2016,166.5,167.75,164.5,164.75,12335,80500
30-05-2016,166.75,167,166.25,166.75,4497,80371
27-05-2016,167,167.5,165.75,167,14387,79725
26-05-2016,164.75,167.75,164.5,167.25,19995,78997
25-05-2016,163.75,164.5,163.5,164.25,5042,77902
24-05-2016,161.75,164.25,161.75,163.5,8620,79321
23-05-2016,162.25,163.25,161,163,7138,78810
20-05-2016,162.25,164,161.75,163.5,9127,79556
19-05-2016,163,163.25,160.5,161.5,17097,81181
18-05-2016,164.25,164.75,163.5,164,10338,80628
17-05-2016,163.5,165,162,164.75,11483,78847
16-05-2016,163.75,164.5,161.75,163,6160,79762
13-05-2016,162.25,164.5,161.75,164.25,11405,82353
12-05-2016,160.75,162.25,160.25,161.5,10627,83459
11-05-2016,160.75,161.5,159.25,160.25,8955,83163
10-05-2016,160,161.25,159,159.5,9936,84905
09-05-2016,151.75,152,146.25,146.75,6904,7062
06-05-2016,149.75,152,149.75,151,4118,10537
05-05-2016,150.25,150.75,149.5,150.5,1097,11505
04-05-2016,150.75,151,150,150.5,5655,15515
03-05-2016,151.75,153,150,150.25,20749,26985
02-05-2016,152,152.25,150.5,151,10744,36692
29-04-2016,152,152.5,151.25,151.5,18673,41780
28-04-2016,151.25,153.75,150.75,153,18262,49463
27-04-2016,151.5,152.25,150.75,151.25,15361,53666
26-04-2016,151.75,152.75,151,151.5,18549,62243
25-04-2016,150.5,153,149.5,152.25,24446,72622
22-04-2016,151,152,150,150.5,27698,74631
21-04-2016,156,157.5,150.25,153.25,41833,90729
20-04-2016,153.25,156,153,155.25,36639,99749
19-04-2016,151,154,150.5,152,39636,110332
18-04-2016,151.75,152.25,149,151,36725,161332
15-04-2016,153.75,153.75,150.25,151.25,28882,120164
14-04-2016,155,155.25,153.5,153.75,18933,124655
13-04-2016,153.75,155.5,153.5,155.25,39569,134359
12-04-2016,152,154,151.25,153,26256,140776
11-04-2016,153,153,151.5,151.75,24201,142102
08-04-2016,153.25,154.75,153,154.25,16121,142500
07-04-2016,154,154.5,153,153.25,17514,142629
06-04-2016,155.25,155.75,153.5,153.75,25605,141806
05-04-2016,155,156.75,154.75,156.5,20234,143457
04-04-2016,154,156,153.75,155.75,18980,146826
01-04-2016,153.5,154.5,152.5,154,21128,148201
31-03-2016,154.75,154.75,152.25,152.75,34752,152441
30-03-2016,158,158.5,155,155.25,33667,155160
29-03-2016,157.5,159.25,157.25,159,31532,159301
24-03-2016,155,157,154.75,156.5,18900,159104
23-03-2016,155.5,156,154,155,21494,160950
22-03-2016,153.75,156,153.5,155.75,29256,162479
21-03-2016,153,153.5,152.5,153.25,16729,162947
18-03-2016,153.5,153.5,152,152,18951,164149
17-03-2016,156.5,156.75,153,153.5,33987,162440
16-03-2016,157.25,159.5,156.5,157,41393,162159
15-03-2016,156.5,157.5,155.75,157.25,21846,160300
14-03-2016,155.5,156.75,154.5,156.25,18917,159019
11-03-2016,155,155.75,153.75,154.75,11309,160472
10-03-2016,155.25,156.5,154,154.25,24055,158302
09-03-2016,142.75,145.5,142,144.5,2617,2875
08-03-2016,141.25,145,141,144.25,1881,4624
07-03-2016,142.25,144,141.25,143,2229,6091
04-03-2016,144.5,146,140.25,140.75,5953,9450
03-03-2016,143.5,144.5,143,144.25,4688,13799
02-03-2016,145.25,145.25,143,143.5,8683,19394
01-03-2016,146.75,147.5,144.5,145,7739,25384
29-02-2016,146.5,147.75,146.5,147.25,8019,30694
26-02-2016,146,147.25,145.25,145.5,8017,36898
25-02-2016,146.5,148,145.5,145.75,12664,42467
24-02-2016,150,150.25,145.5,145.75,17613,47871
23-02-2016,153,153,150,150.25,12925,56370
22-02-2016,152,153.25,152,153,16083,77318
19-02-2016,152,152.5,151.5,152,15756,83277
18-02-2016,153,153.5,152,152.75,12341,83647
17-02-2016,153,153.5,151.75,153.25,9615,93765
16-02-2016,156,157.25,153,153.25,27321,130801
15-02-2016,156,157,155,155.5,23824,106258
12-02-2016,154,155.5,153,155,17313,109724
11-02-2016,153.25,155,153,153.25,21066,116323
10-02-2016,150.75,154.25,149,153.75,34699,122455
09-02-2016,153,153.25,150.75,151,21481,118872
08-02-2016,155.5,155.75,153.25,153.25,35288,127537
05-02-2016,158,158,156,156.25,28041,132498
04-02-2016,159,159.5,158,158.75,19269,139334
03-02-2016,160.25,160.75,158.5,159.25,32729,141615
02-02-2016,161.5,161.75,159.75,160,21572,138457
01-02-2016,163.25,163.25,160.75,161,21116,137276
29-01-2016,164.75,165.25,163.5,163.75,16710,138565
28-01-2016,164.5,165.75,164,164.5,20223,141790
27-01-2016,168,168.25,165,165.75,25253,142938
26-01-2016,166.25,168.75,165.75,168.5,22700,146190
25-01-2016,164,167.25,164,167,28510,145236
22-01-2016,164.25,165.25,164,164.25,21852,145536
21-01-2016,163.75,165,163.5,164,26027,149052
20-01-2016,164.5,164.75,163.25,163.5,22463,144634
19-01-2016,166,167,165.25,165.5,23178,140691
18-01-2016,165,165.75,164.25,165.5,15876,143812
15-01-2016,165.75,165.75,164.5,165.25,17984,146314
14-01-2016,166.75,167.25,165.5,166.25,30142,145189
13-01-2016,170.75,170.75,168,168.25,17259,145652
12-01-2016,169.25,171,168.75,170.75,20109,140462
11-01-2016,171.25,171.25,169,169.25,15494,142335
08-01-2016,170.75,171.75,170.5,171.5,15866,141597
07-01-2016,169.75,170.75,168.75,169.5,24075,143185
06-01-2016,170.75,172,169.5,171.5,23903,140380
05-01-2016,171.75,172.25,170.5,170.75,15477,143252
04-01-2016,173.25,173.25,170.5,171,19747,144009
31-12-2015,174.5,175,172.75,173.5,3453,143704
30-12-2015,175.25,175.75,174.5,174.75,6054,144165
29-12-2015,173,174.5,173,174,6445,142668
28-12-2015,174,174.5,172.75,173,6623,143120
24-12-2015,173.25,174.5,173,174,1727,144094
23-12-2015,174.25,174.75,173,173.5,10332,141512
22-12-2015,174.5,175.5,174,174,9329,141177
21-12-2015,175.75,176.75,174.5,174.75,12054,141568
18-12-2015,175.75,177,175,176.25,13428,143984
17-12-2015,175.5,176,174,175,19537,143817
16-12-2015,178.25,178.25,175,175,19804,143096
15-12-2015,175.5,179,174.75,178.75,18990,145644
14-12-2015,176.5,176.5,175.25,175.5,10503,143822
11-12-2015,177.5,177.5,176,176.25,17045,145210
10-12-2015,177,178.5,176,177.5,18600,145710
09-12-2015,176.5,178.75,175.75,177,21775,144506
08-12-2015,178.5,178.5,176.25,176.5,20491,140051
07-12-2015,179,180.75,178.75,179.25,13989,139724
04-12-2015,174,174.25,172,173,4410,13754
03-12-2015,176.5,177.25,173,174,12456,20257
02-12-2015,176.5,177.25,176,176.75,10850,29187
01-12-2015,177,177,176,176.5,8283,34117
30-11-2015,175.5,177.5,175.25,176.75,12983,36449
27-11-2015,176.75,177,175.5,176.25,9143,41753
26-11-2015,177,178,176.75,177,6721,45472
25-11-2015,176.25,178,175.75,177.75,23620,49441
24-11-2015,177,177.25,176,176,18720,57757
23-11-2015,176,177.75,175.5,177.25,21084,79127
20-11-2015,177.5,178.25,176,176.25,19297,86339
19-11-2015,176.75,179.75,176.5,176.5,26360,89970
17-11-2015,176.5,177.75,175,175.25,26408,145116
16-11-2015,176.75,176.75,175.25,176,29816,111314
13-11-2015,179.75,180,177,177,16970,116168
12-11-2015,181.75,182,179,179.25,20531,116759
11-11-2015,181,183.5,180.75,181.5,10693,121032
10-11-2015,183.75,183.75,180.5,180.75,24075,123978
09-11-2015,184.75,185.5,183.75,183.75,17415,124637
06-11-2015,183,186,182.75,185.75,22090,129099
05-11-2015,183.5,184.5,183.25,183.75,28988,128111
04-11-2015,180.5,184.5,179.75,184.5,24489,
03-11-2015,180,180.75,179,180.25,14990,133763
02-11-2015,181,181.5,179.25,179.75,14022,132632
30-10-2015,181,182,180.25,180.75,15134,136530
29-10-2015,179,181.75,178.5,180.75,18065,140302
28-10-2015,178.75,178.75,177.5,178,15790,141053
27-10-2015,180.75,181.25,179.25,179.5,19578,141609
26-10-2015,180.5,181.25,179.5,181,22536,143396
23-10-2015,178.25,179.25,177.75,179,12086,145333
22-10-2015,176.5,179,176.5,177.75,16506,144457
21-10-2015,176,176,175,175.75,10008,143921
20-10-2015,175,176.75,174.5,175.5,15181,144315
19-10-2015,174.5,175.75,174.25,175,15835,145798
16-10-2015,178,178.25,175.75,176.25,15500,144009
15-10-2015,177.5,178.5,176.75,177.5,10388,144011
14-10-2015,180,180.75,177.25,177.5,20646,149429
13-10-2015,179,180.25,178.75,180,16594,147445
12-10-2015,178.5,180,177.75,179.75,18245,144709
09-10-2015,179.25,180.75,178,179.5,28478,152813
08-10-2015,178.25,180,178,179,18655,154280
07-10-2015,180.5,182,177.75,178.25,33036,152561
06-10-2015,175.75,179.75,175.25,179.25,29484,152915
05-10-2015,175.5,176.75,174.5,176.25,18962,158144
02-10-2015,176.25,176.75,174.5,175.75,16867,157535
01-10-2015,175,177.5,174.75,176.25,24710,158364
30-09-2015,173.25,175.75,172.75,174.5,22713,159716
29-09-2015,175,175.75,173.5,173.75,18105,160525
28-09-2015,177,179.25,175.5,175.75,23626,162044
25-09-2015,173.25,176.75,173,176.5,21220,160663
24-09-2015,174.5,175,172.25,172.75,28210,161954
23-09-2015,172.75,175.75,172.75,174.75,31985,168855
22-09-2015,170,171.75,169,171.5,21063,165256
21-09-2015,166.5,170.5,166.25,170.25,22051,164134
18-09-2015,166.75,167.75,165,167.25,26409,161212
17-09-2015,168,168,166.25,167,21631,166848
16-09-2015,169,169.75,168,168.25,19789,165837
15-09-2015,170.5,171.75,169.25,169.5,19266,167581
14-09-2015,169.75,171.25,168.75,170.75,22396,165117
11-09-2015,168.75,169.75,166.75,167.75,23860,164588
10-09-2015,169.5,170.25,168,169.25,20606,166306
09-09-2015,171,172.5,169.25,169.5,23851,163301
08-09-2015,168.75,170.75,168.75,170,27933,163659
07-09-2015,165.75,168.5,165.5,168.25,11908,169231
04-09-2015,144,151,144,147.75,1443,5878
03-09-2015,152.25,152.5,146,146.75,3558,8033
02-09-2015,157,158,152.5,153,2994,10679
01-09-2015,160,160.25,157,157.25,2180,13247
31-08-2015,161,161.5,158.75,160.25,2682,14765
28-08-2015,162.75,163.5,161.75,162.75,1680,19863
27-08-2015,163.5,165.75,162,163,4023,22646
26-08-2015,165.25,165.75,162.25,162.75,4608,24379
25-08-2015,163.5,167.75,163.25,165.5,7149,40760
24-08-2015,164.5,164.5,161,163.5,6452,42154
21-08-2015,167.75,168.75,166.5,166.75,9752,42456
20-08-2015,170.5,170.75,166,169,10121,46410
19-08-2015,173,173.75,169.5,170.5,10002,47211
18-08-2015,175.25,175.5,173.25,173.75,11005,64150
17-08-2015,176,177,175,175.75,11878,51267
14-08-2015,177.25,178,175.75,176,5721,54164
13-08-2015,177.75,178.25,176.25,177.5,7937,56735
12-08-2015,177.75,180.75,175,176.25,16712,61857
11-08-2015,182,182,178.25,178.5,14560,63758
10-08-2015,180.5,183.75,180,183,12516,67515
07-08-2015,179.75,182,179.5,179.75,17390,71780
06-08-2015,178.5,182.5,178,180.25,16769,70548
05-08-2015,178,179.25,176.75,178.75,15993,71972
04-08-2015,179.25,179.75,178,178.25,11330,74424
03-08-2015,180,180,178,178.25,6635,74117
31-07-2015,181.75,182,179.75,180.5,16246,72617
30-07-2015,179.75,181.75,179.75,181.5,10588,72255
29-07-2015,182,182.25,179.5,179.75,13547,72462
28-07-2015,182,183.75,182,182.25,12281,69919
27-07-2015,184.25,184.5,181,181.5,14566,73957
24-07-2015,187,187,185.5,185.75,11613,75729
23-07-2015,187,188.25,186.25,186.5,10080,77097
22-07-2015,187,188.75,186.25,186.5,12504,75424
21-07-2015,190,190.25,187.5,188.75,15390,76915
20-07-2015,191.25,191.25,189.5,189.75,20968,73635
17-07-2015,193.75,194.5,192,192.75,14041,78277
16-07-2015,191.75,197.5,191.25,194.5,20124,78715
15-07-2015,191.5,193,190.25,191.25,18626,78126
14-07-2015,194.75,195.5,191.5,192.5,8914,81135
13-07-2015,196,197,193.25,193.5,14821,81113
10-07-2015,195.5,197.75,194.75,197.5,12711,80303
09-07-2015,196.75,197.25,195.5,196.75,14480,79061
08-07-2015,197.75,199,195.5,196,17613,78816
07-07-2015,203.5,203.5,199.75,200.25,12914,79589
06-07-2015,201.75,204.5,200,204.25,13698,80494
03-07-2015,204.25,205,203,204,8946,79052
02-07-2015,202,206,198.75,205,24017,81179
01-07-2015,204.75,206.75,200.25,201,23337,85026
30-06-2015,197.75,201.75,197.75,201.25,22727,86306
29-06-2015,195.25,202,194.25,198.5,25710,86894
26-06-2015,187,194.5,187,194.25,32397,77829
25-06-2015,182.25,186,182,185.5,9238,79391
24-06-2015,185.25,185.75,183,184.25,10468,81347
23-06-2015,182.75,184.75,182.5,184.5,8334,80084
22-06-2015,178.5,182.25,178.5,181.5,7303,77153
19-06-2015,177.5,178.5,177.5,178.5,6327,75018
18-06-2015,177,178.75,176.75,178.25,5509,76517
17-06-2015,177.5,180,177.5,178.5,12665,76281
16-06-2015,177.5,178,176.5,176.75,6634,77693
15-06-2015,178.75,178.75,176,176.25,10335,79479
12-06-2015,179.75,180.75,178.75,180.25,5571,79723
10-06-2015,186,186,183.25,183.5,8328,81045
09-06-2015,186,186.75,185,186,9355,80352
08-06-2015,184.25,186.5,183,186.25,6951,80726
05-06-2015,183.5,186.75,183.5,184.5,13603,81994
04-06-2015,180.25,183.75,178.5,183.5,7863,82971
03-06-2015,183.5,184.25,181.5,182,10648,86619
02-06-2015,182,183.25,179,182.5,12154,83380
01-06-2015,176.25,181,176.25,180.75,10913,83563
29-05-2015,178.5,179.25,176,176,8808,85811
28-05-2015,179.75,180.5,178.5,179,8477,85584
27-05-2015,180,180,178,178.75,10926,92228
26-05-2015,183.5,183.75,179.5,181,11471,90309
25-05-2015,183,184.25,182,182.5,1529,90636
22-05-2015,185.5,186.75,181.5,182.5,18940,92567
21-05-2015,181.25,185,181.25,185,19734,89258
20-05-2015,178.5,181,177.75,180.5,12115,86115
19-05-2015,178.5,178.5,177,178.25,9814,85156
18-05-2015,175.5,180.5,175.5,180,11612,82094
15-05-2015,176.75,178,174,174.5,14524,79223
14-05-2015,171.25,176.25,171.25,176,9929,79203
13-05-2015,173.5,174,170.75,171,9760,79341
12-05-2015,173,175,172.5,173.5,6552,80496
11-05-2015,174,175.5,173,173.5,7119,81129
08-05-2015,172.5,174.25,172.25,173.25,5388,80685
07-05-2015,171.5,171.5,159.5,161.5,3228,6004
06-05-2015,171,171.5,170,171,3008,7904
05-05-2015,175.25,176.5,170.5,171,5950,10408
04-05-2015,178,178,175,176.25,13309,20213
30-04-2015,178.25,179.5,177.25,178,11557,24317
29-04-2015,177.75,179.5,177.5,178.25,15615,28706
28-04-2015,179,179.5,176,177.75,14311,35830
27-04-2015,182.75,182.75,179,179.5,18412,40218
24-04-2015,184.5,185,182.5,183,12279,44371
23-04-2015,183,185.25,182.5,185,13806,66379
22-04-2015,182.5,183.5,181.25,183.5,11500,71007
21-04-2015,183,183.5,182.5,182.75,16455,75084
20-04-2015,182.75,184.25,182.5,182.75,19241,74011
17-04-2015,182.75,184,181.75,182.75,19795,79799
16-04-2015,185,185.5,182.75,183.25,28873,107426
15-04-2015,186.75,187.5,185,185.25,23071,85358
14-04-2015,187.25,188.5,186.5,186.75,25294,94935
13-04-2015,188.25,189,187.5,187.75,26303,97531
10-04-2015,189,190.5,188.5,190.25,17303,100052
09-04-2015,190,190.5,189,189.25,19643,103670
08-04-2015,191,191.5,189.75,190,14749,104838
07-04-2015,190.75,192.5,190.25,191.5,14873,104114
02-04-2015,191.25,194,191,193.75,17544,101808
01-04-2015,188.25,191.25,187.5,190.75,19680,101004
31-03-2015,191.75,192.25,187.5,187.5,23243,109514
30-03-2015,189.5,192,188.75,191.25,19612,109635
10-03-2015,182.5,182.5,176.75,178.25,664,905
09-03-2015,182,185.75,182,184.25,1309,2700
06-03-2015,182.5,183,180.75,181,1231,3780
05-03-2015,185,185.75,182.25,182.75,1995,4673
04-03-2015,185,185,184,184.5,2733,9070
03-03-2015,184.5,185.5,183.75,185.25,5654,18662
02-03-2015,188.5,188.75,184.5,184.75,8654,21066
27-02-2015,186.5,188,185.5,187.5,9251,23850
26-02-2015,185,186,183.25,185.5,10578,24183
25-02-2015,184.5,185.5,184.5,184.5,9012,28517
24-02-2015,185,186,184.5,185.75,8929,31891
23-02-2015,185.25,186,184.5,184.75,15240,39985
20-02-2015,186.75,187.25,185.5,185.75,11395,50550
19-02-2015,185.25,188.75,185,187.25,15030,56497
18-02-2015,189.25,189.5,185.25,185.75,10599,59703
17-02-2015,189.75,190.75,186.75,188,15333,89477
16-02-2015,187.25,189.25,187.25,188.75,14754,74835
13-02-2015,184.75,187.75,184.5,187,15465,78567
12-02-2015,185.25,186.25,184.5,184.5,16089,80210
11-02-2015,183.75,186,183.25,185.75,19317,87449
10-02-2015,186.5,186.5,183.75,185,21064,91091
09-02-2015,189,189,187,187.25,19066,92884
06-02-2015,189.5,190,187.5,188.25,21460,95182
05-02-2015,186.5,189.5,185.75,187,21962,97962
04-02-2015,188,188.75,185.75,186.5,19039,100061
03-02-2015,184,187.25,184,186.5,20235,97146
02-02-2015,186,186.25,182.75,183,21098,100083
30-01-2015,187.5,188,184.5,185.5,22976,107048
29-01-2015,186.75,189,186.5,187.75,21794,114348
28-01-2015,192.25,192.75,187.25,187.5,29444,111911
27-01-2015,195.25,195.5,193,193.25,22945,116555
26-01-2015,198.5,199,195.5,196.5,14263,118427
23-01-2015,198.25,199.5,197.75,198.5,16680,117928
22-01-2015,198.25,198.25,196.5,198,15405,119079
21-01-2015,197,199,195,197.75,21366,120048
20-01-2015,195.75,197.25,193,196.5,25330,116538
16-01-2015,197.5,197.5,197.5,197.5,0,121904
15-01-2015,194.25,194.25,194.25,194.25,0,119502
14-01-2015,192,192,192,192,0,117375
13-01-2015,195.5,195.5,195.5,195.5,0,115697
12-01-2015,194,194,194,194,0,118772
09-01-2015,194.75,194.75,194.75,194.75,0,1917
08-01-2015,190.75,190.75,190.75,190.75,0,2459
07-01-2015,195.75,195.75,195.75,195.75,0,2739
06-01-2015,190.75,191,190.75,190,68,2091
05-01-2015,198.75,198.75,198.75,198.75,0,10361
03-01-2015,188.75,189.25,188.75,189.25,23,2073
02-01-2015,190,190,190,198,0,12030
31-12-2014,200,200,200,200,0,15249
30-12-2014,200.25,200.25,200.25,200.25,0,16464
29-12-2014,198.5,202.25,198.5,200,2439,18104
24-12-2014,201,201,201,201,0,20416
23-12-2014,200.25,200.25,200.25,200.25,0,27469
22-12-2014,198.5,198.5,198.5,198.5,0,32100
19-12-2014,196,196,196,196,0,38464
18-12-2014,200.25,200.25,200.25,200.25,0,41437
17-12-2014,198.75,198.75,198.75,198.75,0,48001
16-12-2014,195,195,195,195,0,88132
15-12-2014,190,190,190,190,0,59674
12-12-2014,188.75,188.75,188.75,188.75,0,61525
11-12-2014,184.25,184.25,184.25,184.25,0,65090
10-12-2014,184.25,184.25,184.25,184.25,0,68607
09-12-2014,186.5,186.5,186.5,186.5,0,70669
08-12-2014,187.75,189.5,186.5,189,8822,73524
05-12-2014,186,188.75,185.25,188,11225,76862
04-12-2014,186.5,187,184,186.25,13108,80287
03-12-2014,190,190.75,185.5,187,21500,88847
02-12-2014,189.75,193.25,189.5,190,30554,87788
01-12-2014,183.5,188.75,183.5,188.25,20819,90369
28-11-2014,180,185,180,184.25,22396,89880
27-11-2014,182.5,182.75,180.25,180.5,6777,94389
26-11-2014,180.5,183.5,180.25,182.25,27328,94301
25-11-2014,178.25,180.5,177.75,180.5,17922,96145
24-11-2014,177.75,179.5,177.5,178.75,13487,100582
21-11-2014,174.5,178,174.5,177.75,24288,96220
20-11-2014,172.5,175,172.25,174.75,13579,97209
19-11-2014,173,173.25,172.25,172.5,8891,95572
18-11-2014,172.75,174.5,172,173.25,15482,96530
17-11-2014,176.75,177.25,173.25,173.5,16326,96605
14-11-2014,175.25,177.25,175.25,176.5,10517,98067
13-11-2014,174,177.75,173.5,176,17715,99969
12-11-2014,172.75,176.75,172.75,174.75,22567,99500
11-11-2014,170.25,172.5,170,171,7997,100866
10-11-2014,168.75,171.75,168.75,170.25,11962,97572
07-11-2014,170.25,170.5,169,169,9542,98046
06-11-2014,171.5,171.75,169.75,171,13099,100881
05-11-2014,170.25,172.75,170,171.75,15122,100179
04-11-2014,173.25,173.25,171.5,171.75,9327,101120
03-11-2014,171.75,174.75,171.5,172,4623,9209
31-10-2014,170.75,174.5,169.75,172.25,5925,16651
30-10-2014,174.75,176,171.25,172,3877,21849
29-10-2014,171,173.75,170.25,173.5,5798,24575
28-10-2014,165.5,170,165.5,169.5,6688,26516
24-10-2014,171,172,165.25,165.75,9884,36465
23-10-2014,167.5,170.5,166.75,170.25,15725,47455
22-10-2014,164,168,163.75,167.75,20875,53218
21-10-2014,160,164.5,160,164,17554,59938
20-10-2014,159.25,160,158,159.75,10765,78929
17-10-2014,160,162,159.25,160,15057,91720
16-10-2014,157,160.5,156.75,159.5,16757,204916
15-10-2014,159,160.75,157.75,158,32606,101706
14-10-2014,157.75,160.25,157.5,158.5,12343,111597
13-10-2014,157.75,158.25,155,157.5,16214,112037
10-10-2014,157,160,155.5,158.75,20900,110857
09-10-2014,158.75,159,157,157.25,18006,111271
08-10-2014,162.25,162.75,160,160.25,17749,115384
07-10-2014,159.75,163,158.25,162.75,21314,117348
06-10-2014,159.75,160.75,159.25,160.25,12585,119003
03-10-2014,158.25,160.25,157,158.5,20362,118652
02-10-2014,155,158.5,155,158,21375,121075
01-10-2014,152.25,155,151.75,154.75,11729,125916
30-09-2014,153.25,155.25,151.25,152.75,22800,128277
29-09-2014,152.25,154,152.25,153.75,11953,132519
26-09-2014,150.5,152.25,149,152,17720,134429
25-09-2014,153,154.5,150.5,150.75,23524,135991
24-09-2014,150,153.25,149.25,152.75,27214,135967
23-09-2014,151.75,151.75,149.25,150.25,13656,137314
22-09-2014,153.5,153.75,148.5,151.25,32698,140274
19-09-2014,157,158,153.25,153.5,30050,145394
18-09-2014,161.25,162.25,158.5,159,22907,147695
17-09-2014,161.75,162,161,161.5,13372,146201
16-09-2014,162.5,164,161,162,21762,146723
15-09-2014,161,162.25,161,161.5,14393,149677
12-09-2014,163.5,163.75,160.5,162.75,28038,156764
11-09-2014,166.25,166.5,163.75,164,28520,154173
10-09-2014,168.75,169,167,167.25,15729,154550
09-09-2014,170,170.75,169,169.25,12575,156484
08-09-2014,172,172,170,170.25,8808,158174
05-09-2014,171.75,172.25,170,172,11592,161256
04-09-2014,170.5,171.25,168.25,170.75,25772,159087
03-09-2014,171.5,173.5,170.75,171,25844,160922
02-09-2014,173.5,174.25,172.75,173.5,10358,157852
01-09-2014,174.25,174.5,173.5,173.75,4162,160001
29-08-2014,175,176.25,173.75,174.25,15998,160770
28-08-2014,174,177.25,173.75,175,26464,159118
27-08-2014,173.25,173.75,172.5,173.5,9609,162744
26-08-2014,174,174,172.25,172.75,16450,160292
25-08-2014,172.5,176.25,172.5,173.5,15931,161444
22-08-2014,171.75,174,171.75,173.75,20096,163251
21-08-2014,171.5,172,170.75,171.5,8169,165369
20-08-2014,172,172.75,171,171.25,12964,164599
19-08-2014,171,172.75,170.5,172.5,11892,162794
18-08-2014,172,172.5,171.25,171.75,11126,164421
15-08-2014,170.5,174,170.5,173.75,14215,165086
14-08-2014,170.5,171.5,169.25,170.75,13387,166619
13-08-2014,172.25,172.75,171,171.25,13396,168450
12-08-2014,171.5,172,170.5,172,19682,166953
11-08-2014,173,174,171,172.25,15437,166360
08-08-2014,176,176,173,174.25,16748,168826
06-08-2014,176.5,180.5,176,178.25,45212,159002
05-08-2014,172.25,175,171.5,174.75,17882,160879
04-08-2014,173,174.25,171.75,173.25,21200,169160
30-07-2014,175.25,177.5,174.25,175.5,29848,174045
29-07-2014,178,178.25,175,175,29857,179603
28-07-2014,180.25,180.25,177.75,178.25,23723,180723
25-07-2014,181.25,182,179.25,179.75,21702,183245
24-07-2014,180.25,182.75,179,181,36295,179797
23-07-2014,177,180.25,176.5,179.5,23184,183622
22-07-2014,176.25,179,176.25,178,25833,186652
21-07-2014,178.5,178.5,176,176.25,27555,189961
18-07-2014,182.75,182.75,179,179.25,28622,194884
17-07-2014,178.25,185,178.25,183,37769,189868
16-07-2014,178.25,179.75,178,179,15691,192885
15-07-2014,178.5,179.25,176.75,177,30489,186141
14-07-2014,180.25,180.75,178,178.75,21231,183989
11-07-2014,181.75,183.5,180.25,180.5,26883,183741
10-07-2014,181.75,182.5,181.5,181.75,12229,178885
09-07-2014,183,183.75,181.5,181.75,10728,179794
08-07-2014,182.5,183.5,182,183.25,14488,177592
07-07-2014,184.5,184.75,182,182.5,13816,173878
04-07-2014,184,184.75,184,184.5,5430,175543
03-07-2014,184.75,185,183.75,184.25,8168,174500
02-07-2014,184,184.75,184,184.25,8871,179926
01-07-2014,185.25,185.5,184,184.25,16609,173722
30-06-2014,187.5,188,185.5,185.75,16438,174288
27-06-2014,186,188,185.75,187.75,12172,173584
26-06-2014,185.75,187,185.5,186.75,13518,171862
25-06-2014,186.5,186.75,185,185.5,11853,170532
24-06-2014,187.5,188.25,186.25,186.5,20050,168610
23-06-2014,189,189.25,188,188.5,10031,168957
20-06-2014,188.75,189,188,188.25,6557,169970
19-06-2014,189,190.25,187.75,188.25,12701,167956
18-06-2014,187.5,188.75,186.75,188.5,14387,164101
17-06-2014,187.75,188.25,186.25,186.75,13974,163246
16-06-2014,188,189.25,186.75,187.75,17052,162430
13-06-2014,188.25,188.75,186.75,187.25,13924,159432
12-06-2014,189.5,190,186.25,187.75,20905,162782
11-06-2014,190.25,191.25,189,189.25,17549,160158
10-06-2014,191,192.25,190,190.25,14663,157656
09-06-2014,193.75,193.75,190.5,190.75,13771,156168
06-06-2014,190.5,193.25,190.25,193,22756,153303
05-06-2014,191.25,192.5,190.5,191,18393,149736
04-06-2014,190.5,191.5,190.25,191.25,16368,148998
03-06-2014,190.25,190.75,189.5,189.75,13707,146580
02-06-2014,189.75,190.75,189.25,190.5,16995,146149
30-05-2014,191.25,192,190.75,191.5,11373,143556
29-05-2014,193,194,191.25,191.5,8857,144669
28-05-2014,192,193,191.5,192.5,17035,144420
27-05-2014,192.5,193.25,190.25,193,32342,134905
26-05-2014,195.25,195.5,192.5,192.75,14735,134929
23-05-2014,197.5,198.5,195,195.25,17745,135704
22-05-2014,199.25,199.25,196.75,197.25,14901,134584
21-05-2014,200,200.5,198.5,198.75,9181,133825
19-05-2014,198.25,198.75,196.5,197.25,14958,136685
16-05-2014,199.25,200.25,198.5,199.25,14801,140552
15-05-2014,199.5,200.5,198.5,199,22661,139554
14-05-2014,203.25,203.25,200.5,201,22653,138913
13-05-2014,203.75,204.5,202.75,203.5,10754,142329
12-05-2014,204.25,204.75,203.5,204.25,15505,140839
09-05-2014,206.25,208.5,205.75,207.25,17648,140873
08-05-2014,206.5,207.5,205.5,207.25,14704,138830
07-05-2014,208.25,208.5,206.5,207.25,15111,140240
06-05-2014,207.5,209.25,206.5,208.75,15864,137486
05-05-2014,208.5,208.75,207.25,208.5,21227,134496
02-05-2014,205.5,206.75,203.75,206,16678,135487
01-05-2014,205.5,205.5,205.5,205.5,0,135487
30-04-2014,205,205.75,204.5,205.5,12937,134492
29-04-2014,205.25,206.25,203.5,205.25,11430,133661
28-04-2014,207,207,204,205.5,14922,132187
25-04-2014,205,207.25,205,207,12768,132954
24-04-2014,202.25,206.25,201.75,205,23269,132023
23-04-2014,203.5,203.75,200.75,202.5,17333,133945
22-04-2014,203.5,204,201.75,203.25,21484,131791
17-04-2014,207,207.5,205.5,207.25,11793,137833
16-04-2014,209.25,210.5,206.75,207.25,30911,129488
15-04-2014,204,210,204,209.75,18291,128646
14-04-2014,203.25,205.25,202.75,204.75,17341,125696
11-04-2014,199.75,201,198.25,200.5,10320,124897
10-04-2014,200.5,200.75,199.5,200.25,11062,121897
09-04-2014,201.75,203.75,200.25,201.5,19874,121712
08-04-2014,199.5,201.5,199.5,200.5,9402,123710
07-04-2014,198.5,200.25,198.25,199.5,11266,123993
04-04-2014,198.5,198.5,195.5,197.5,11753,121935
03-04-2014,198,199.25,197.5,198.75,8277,123186
02-04-2014,200.25,200.5,197.5,198,19626,122831
01-04-2014,200.75,203.5,199.75,200.75,10620,120691
31-03-2014,202.5,203.25,200,201.75,10095,121010
28-03-2014,203.5,205.25,202.25,202.75,13516,120868
27-03-2014,203.25,204.5,201.75,204,14797,118969
26-03-2014,205.75,206,203.75,204,8586,117368
25-03-2014,205,206.75,205,205.75,7012,118103
24-03-2014,204.75,206.5,204,206.25,8869,115843
21-03-2014,204.75,205.25,202.75,203.5,9139,116658
20-03-2014,205.25,208,204,204.5,23111,115433
19-03-2014,201,206.25,199.75,205.75,19884,117297
18-03-2014,199,201,198.25,201,10830,116622
17-03-2014,202,202.25,198.5,199,9732,115694
14-03-2014,201.75,204,201.25,201.75,12080,114356
13-03-2014,206.5,206.75,201,202.75,26804,118905
12-03-2014,199.75,205,199.5,204,22926,120720
11-03-2014,197.25,201.25,195.75,201,15982,120567
10-03-2014,199,199.75,197,197.25,12072,125823
07-03-2014,196.5,202,196.5,200,34600,122362
06-03-2014,196.5,196.75,195,196,14532,119450
05-03-2014,195.75,198,195.75,196.75,13191,120482
04-03-2014,191.75,195.5,191.5,195,11611,121970
03-03-2014,194.5,196,193,193.25,25534,118735
02-03-2014,188.75,189,187.75,188.5,6850,118307
01-03-2014,188.75,189,187.75,188.5,6850,118307
28-02-2014,188.75,189,187.75,188.5,6850,118307
27-02-2014,189.25,190,188.5,189.5,8906,116063
26-02-2014,190,191.25,189.75,190,6097,115065
25-02-2014,189.75,190,188.5,189.5,5086,114379
24-02-2014,189,189.5,188.25,189.25,4593,112767
23-02-2014,189.75,190.25,189.25,189.75,4699,113307
22-02-2014,189.75,190.25,189.25,189.75,4699,113307
21-02-2014,189.75,190.25,189.25,189.75,4699,113307
20-02-2014,189.5,190.5,189.5,189.75,9076,113704
19-02-2014,189.25,189.5,188.5,189.25,4167,113763
18-02-2014,188.25,188.75,187.75,188.75,6657,111628
17-02-2014,187.75,188.5,187.5,187.75,1476,110737
16-02-2014,187.25,188.25,186.75,188,6389,109928
15-02-2014,187.25,188.25,186.75,188,6389,109928
14-02-2014,187.25,188.25,186.75,188,6389,109928
13-02-2014,185.75,186.75,185.25,186.25,5695,108307
12-02-2014,185.5,186.5,185,185.75,5381,107328
11-02-2014,185.25,185.75,184.5,185.5,4577,106985
10-02-2014,184,186.25,183.5,184.75,7294,105294
09-02-2014,184.75,185.25,184,185,4530,103612
08-02-2014,184.75,185.25,184,185,4530,103612
07-02-2014,184.75,185.25,184,185,4530,103612
06-02-2014,184.75,185.25,184,184.75,4686,102782
05-02-2014,185,185.25,183.5,184.25,5257,102161
04-02-2014,183.25,185,182.75,184.25,5840,100881
03-02-2014,183,184.25,182.75,183,3922,100170
02-02-2014,182.25,184,182,183.75,5871,98586
01-02-2014,182.25,184,182,183.75,5871,98586
31-01-2014,182.25,184,182,183.75,5871,98586
30-01-2014,181.75,182.5,181,182.25,9211,96892
29-01-2014,183,183.75,181,181.75,12251,94720
28-01-2014,184.5,185.5,183.25,183.5,6751,93700
27-01-2014,183.25,185.25,183.25,184,3533,92144
26-01-2014,183.5,184,182.5,183.25,2817,90838
25-01-2014,183.5,184,182.5,183.25,2817,90838
24-01-2014,183.5,184,182.5,183.25,2817,90838
23-01-2014,184,185.5,183.25,183.25,6582,88107
22-01-2014,184,184.5,183.5,184,4980,85622
21-01-2014,182.75,183.75,182.5,183.5,4431,83809
20-01-2014,183,183.25,182,182.5,3874,82103
19-01-2014,184.75,185,183,183.25,5098,80940
18-01-2014,184.75,185,183,183.25,5098,80940
17-01-2014,184.75,185,183,183.25,5098,80940
16-01-2014,184.25,184.25,183,184,6746,78784
15-01-2014,185.5,186.5,184.5,184.5,4193,78751
14-01-2014,185.25,186.25,184.75,185.25,5302,79603
13-01-2014,183.75,186,183.75,185.75,4902,78044
12-01-2014,186,187.25,183,183,7396,73186
09-01-2014,187,187.5,185.25,186.25,8274,69514
08-01-2014,189.75,189.75,187.5,187.5,4389,67267
07-01-2014,189.75,189.75,188.5,188.75,2278,66152
06-01-2014,189.5,191,189.5,189.5,1396,65153
03-01-2014,189.75,189.75,188.5,188.75,2278,66152
02-01-2014,189.75,189.75,188.5,188.75,2278,66152
01-01-2014,190.5,190.5,190.5,190.5,0,62488
31-12-2013,190.75,191.5,190.25,190.5,1433,62488
30-12-2013,191,192,190.5,191.25,1142,62644
27-12-2013,192.5,192.5,190,190.5,2298,61407
25-12-2013,192.5,192.5,192.5,192.5,0,60931
24-12-2013,193,193.25,192,192.5,702,60931
23-12-2013,192.5,193.25,191.75,193.25,2254,59866
20-12-2013,191.25,193.25,191.25,192.75,2687,58899
19-12-2013,191,192.25,191,191.75,1742,57784
18-12-2013,190.5,191.25,190,191,2035,57870
17-12-2013,192.5,193.25,189.25,191.5,4583,57124
16-12-2013,193.5,193.5,192,192.5,2225,56334
12-12-2013,194.5,195,193.25,193.25,2693,55888
11-12-2013,194.75,195.5,193.75,194.25,1417,56267
10-12-2013,196.25,196.5,193.25,194.5,8392,53461
09-12-2013,196.25,197.5,196.25,196.75,3546,52109
08-12-2013,196,197,195.5,196.25,1377,51593
07-12-2013,196,197,195.5,196.25,1377,51593
06-12-2013,196,197,195.5,196.25,1377,51593
05-12-2013,198,198,196.25,197,2794,50708
04-12-2013,197.75,199.25,197.75,198.75,1855,50855
03-12-2013,197.25,198,196.25,197.5,1751,51012
02-12-2013,197.5,198.5,196.25,196.75,2179,50614
01-12-2013,196.5,197.5,196,196.75,2834,50252
30-11-2013,196.5,197.5,196,196.75,2834,50252
29-11-2013,196.5,197.5,196,196.75,2834,50252
28-11-2013,194.25,196.5,193.5,196,1686,49688
27-11-2013,194,194.5,193.5,194,1478,49168
26-11-2013,194.25,194.25,193.5,193.5,2208,48432
25-11-2013,195.25,196,194.75,194.75,778,48479
24-11-2013,194.75,195.5,194.25,194.5,804,48551
23-11-2013,194.75,195.5,194.25,194.5,804,48551
22-11-2013,194.75,195.5,194.25,194.5,804,48551
21-11-2013,195,195.5,194,194.75,1090,48380
20-11-2013,193.75,195,193.75,194.75,1042,47664
19-11-2013,194.5,195.75,193.25,193.5,2209,47258
18-11-2013,194.5,194.75,194,194.25,700,47340
17-11-2013,195.5,195.5,194,194.5,1646,46746
16-11-2013,195.5,195.5,194,194.5,1646,46746
15-11-2013,195.5,195.5,194,194.5,1646,46746
14-11-2013,194.5,196,194.5,195.25,1015,46962
13-11-2013,194.5,195,193.5,194,796,47201
12-11-2013,195.5,196,194.75,194.75,829,47115
11-11-2013,194.75,195.75,194.75,195.25,358,47142
10-11-2013,195.75,196,193.5,194,1209,47085
09-11-2013,195.75,196,193.5,194,1209,47085
08-11-2013,195.75,196,193.5,194,1209,47085
07-11-2013,194,196,194,195.5,1990,48059
06-11-2013,194,196,193.5,194.5,2233,48125
05-11-2013,194,194,193.5,193.75,780,48543
04-11-2013,196,196.25,194.75,194.75,1015,49795
03-11-2013,194.5,196.5,193.75,196.25,1565,51008
01-11-2013,194.5,196.5,193.75,196.25,1565,51008
31-10-2013,193,194.75,192.75,194.5,2495,51098
30-10-2013,193,194.25,192.75,192.75,1749,50509
29-10-2013,192.5,193.25,192,192.75,1584,50535
28-10-2013,194.75,195,192.5,192.75,2523,49321
27-10-2013,195.5,196.25,194.5,195.25,1661,49006
26-10-2013,195.5,196.25,194.5,195.25,1661,49006
25-10-2013,195.5,196.25,194.5,195.25,1661,49006
24-10-2013,196.5,196.75,195.25,195.75,1201,48548
23-10-2013,196.5,197.75,196.25,196.25,2077,47814
22-10-2013,195.5,196.5,195,195,3359,46332
21-10-2013,197.5,198.75,195.5,196.25,3279,44860
20-10-2013,194,197.25,194,196.75,4867,44306
19-10-2013,194,197.25,194,196.75,4867,44306
18-10-2013,194,197.25,194,196.75,4867,44306
17-10-2013,194.5,195,193.5,194,2002,43789
16-10-2013,194.25,194.5,193.75,194,2127,43269
15-10-2013,194.5,195,194,194.75,2287,43553
14-10-2013,194.5,194.75,194,194.5,635,43822
12-10-2013,194,194.5,193,194.25,1171,43677
11-10-2013,194,194.5,193,194.25,1171,43677
10-10-2013,194,196.5,193.75,194.5,2285,43626
09-10-2013,192.75,194,192,193.5,2331,43628
08-10-2013,192.75,194.25,192,192.5,3249,43599
